workload,iterations,baseline_s,teaqdm_s,teaqdm_overhead_s,teaqdm_percent,raw_s,raw_overhead_s,raw_percent,tqdm_s,tqdm_overhead_s,tqdm_percent
fast,1000,0.000045,0.000584,0.000539,1301.68,0.000080,0.000036,179.37,0.000068,0.000023,151.86
medium,500,0.000992,0.006372,0.005379,642.10,0.001018,0.000026,102.59,0.001010,0.000018,101.78
slow,200,0.006182,0.006519,0.000337,105.46,0.006475,0.000293,104.74,0.006744,0.000562,109.09
